{"model": "TCN", "total mean accuracy": 0.817632533040306, "eval_accs": [[0.9033000000000001, 0.8857272726405752, 0.8612500001589456, 0.8417692304024326, 0.8307857147625515, 0.8141333335240682, 0.7962500000000002, 0.7822352942017946, 0.7668333334922791, 0.7574736842607196, 0.7541999999999999]], "query_accs": [[0.7620000023841857, 0.7220000042915344, 0.7019999993642171, 0.7042499995231628, 0.7014000007629395, 0.6781666668256124, 0.6641428571428573, 0.647375, 0.6449999999999999, 0.6523000000000001]], "act_sparsity": [[0.8364404114680501, 0.8363403678076238, 0.8362282121699447, 0.8361203072303747, 0.8357408670236983, 0.8365449664114327, 0.8362123432823675, 0.8359896017671294, 0.8355356886628058, 0.8357391547607357, 0.8358250681407413]], "syn_ops_dense": [[840224768.0, 840224768.0, 840224768.0, 840224768.0, 840224768.0, 840224768.0, 840224768.0, 840224768.0, 840224768.0, 840224768.0, 840224768.0]], "syn_ops_macs": [[122428429.2078, 122487295.77527273, 122560601.45475, 122660851.80984615, 122938102.64585714, 122313664.7374, 122575199.589125, 122759539.3722353, 123119094.28605555, 122976549.6561579, 122898290.9394]], "syn_ops_acs": [[0.0, 0.0, 0.0, 0.0, 0.0, 0.0, 0.0, 0.0, 0.0, 0.0, 0.0]]}