{"model": "TCN", "total mean accuracy": 0.8947180306835046, "eval_accs": [[0.9591999999999997, 0.939454544457522, 0.9294166676203411, 0.9183846153112559, 0.9073571429252626, 0.8940666664441427, 0.8816875000000005, 0.8672352942017948, 0.860222222222222, 0.8474736843360098, 0.8373999999999997]], "query_accs": [[0.8599999990463257, 0.8605000004768372, 0.8499999998410542, 0.8405000009536744, 0.8221999993324279, 0.8048333344459535, 0.7880000006130762, 0.7841250000000001, 0.767000000052982, 0.7566]], "act_sparsity": [[0.8675889772329758, 0.8677810417461698, 0.8678100249889874, 0.8675338586514547, 0.8675553532907445, 0.8673299709136609, 0.8672484317608732, 0.8677209034674972, 0.8674838053385417, 0.8671395586827378, 0.8670439545436878]], "syn_ops_dense": [[840224768.0, 840224768.0, 840224768.0, 840224768.0, 840224768.0, 840224768.0, 840224768.0, 840224768.0, 840224768.0, 840224768.0, 840224768.0]], "syn_ops_macs": [[92161509.8757, 92083984.42363636, 92069827.02191667, 92190937.10553846, 92165948.56814286, 92313360.3278, 92349781.529375, 92052230.35764706, 92170953.1666111, 92373766.08926316, 92443164.01335]], "syn_ops_acs": [[0.0, 0.0, 0.0, 0.0, 0.0, 0.0, 0.0, 0.0, 0.0, 0.0, 0.0]]}