{"model": "TCN", "total mean accuracy": 0.8200239699031555, "eval_accs": [[0.9033000000000001, 0.8830909091342579, 0.862166667620341, 0.8419999993764435, 0.8331428570747375, 0.8153999998728435, 0.7998749999999999, 0.7845882355465605, 0.772500000158946, 0.7660000001505802, 0.7581999999999997]], "query_accs": [[0.774999993801117, 0.756000000476837, 0.7220000003178915, 0.7274999995231627, 0.7129999993324279, 0.6950000004768372, 0.6755714287757875, 0.664875, 0.6644444443914626, 0.6609]], "act_sparsity": [[0.8364404114680501, 0.8367096062655471, 0.8365525930730463, 0.8364327397716944, 0.8365059319057613, 0.8372590269680246, 0.8368817750541727, 0.8363486803974156, 0.8361307391266324, 0.8358506024308968, 0.8358250682622042]], "syn_ops_dense": [[840224768.0, 840224768.0, 840224768.0, 840224768.0, 840224768.0, 840224768.0, 840224768.0, 840224768.0, 840224768.0, 840224768.0, 840224768.0]], "syn_ops_macs": [[122428429.2078, 122245378.91572727, 122380304.81116667, 122456163.23438461, 122381746.6425, 121794413.53793333, 122088396.9516875, 122508624.96441177, 122686416.03027777, 122889237.89310527, 122898393.01265]], "syn_ops_acs": [[0.0, 0.0, 0.0, 0.0, 0.0, 0.0, 0.0, 0.0, 0.0, 0.0, 0.0]]}